variant_id,variant_report_status,variant_annotation_source,variant_annotation_date,variant_type,variant_vcf_hg19,ID,INFO,transcript,c_dot,p_dot
1,1,varsome,2021-09-15,SNV/indel/MNV,chr17-36047397-T-A,NULL,NULL,NM_000458.4,c.1654-2A>T,NULL
2,1,varsome,2021-09-15,SNV/indel/MNV,chr17-36059095-G-A,NULL,NULL,NM_000458.4,c.1640C>T,p.(Ser547Phe)
3,1,varsome,2021-09-15,SNV/indel/MNV,chr17-36059141-T-C,NULL,NULL,NM_000458.4,c.1594A>G,p.(Met532Val)
4,1,varsome,2021-09-15,SNV/indel/MNV,chr17-36059155-C-T,NULL,NULL,NM_000458.4,c.1580G>A,p.(Arg527Gln)
5,1,varsome,2021-09-15,SNV/indel/MNV,chr17-36059173-TG-T,NULL,NULL,NM_000458.4,c.1561del,p.(Gln521SerfsTer70)
6,1,varsome,2021-09-15,SNV/indel/MNV,chr17-36061030-G-A,NULL,NULL,NM_000458.4,c.1492C>T,p.(Gln498Ter)
7,1,varsome,2021-09-15,SNV/indel/MNV,chr17-36061048-C-T,NULL,NULL,NM_000458.4,c.1474G>A,p.(Gly492Ser)
8,1,varsome,2021-09-15,SNV/indel/MNV,chr17-36061114-G-A,NULL,NULL,NM_000458.4,c.1408C>T,p.(Gln470Ter)
9,1,varsome,2021-09-15,SNV/indel/MNV,chr17-36061127-G-C,NULL,NULL,NM_000458.4,c.1395C>G,p.(Ser465Arg)
10,1,varsome,2021-09-15,SNV/indel/MNV,chr17-36061157-ACT-A,NULL,NULL,NM_000458.4,c.1363_1364del,p.(Ser455CysfsTer95)
11,1,varsome,2021-09-15,SNV/indel/MNV,chr17-36061162-G-A,NULL,NULL,NM_000458.4,c.1360C>T,p.(Gln454Ter)
12,1,varsome,2021-09-15,SNV/indel/MNV,chr17-36061183-C-T,NULL,NULL,NM_000458.4,c.1340-1G>A,NULL
13,1,varsome,2021-09-15,SNV/indel/MNV,chr17-36064917-AACTT-A,NULL,NULL,NM_000458.4,c.1339+3_1339+6del,NULL
14,1,varsome,2021-09-15,SNV/indel/MNV,chr17-36064923-C-T,NULL,NULL,NM_000458.4,c.1339+1G>A,NULL
15,1,varsome,2021-09-15,SNV/indel/MNV,chr17-36064928-TGC-T,NULL,NULL,NM_000458.4,c.1333_1334del,p.(Ala445ThrfsTer105)
16,1,varsome,2021-09-15,SNV/indel/MNV,chr17-36064960-TG-T,NULL,NULL,NM_000458.4,c.1302del,p.(Met435Ter)
17,1,varsome,2021-09-15,SNV/indel/MNV,chr17-36064963-TG-T,NULL,NULL,NM_000458.4,c.1299del,p.(Ile434SerfsTer2)
18,1,varsome,2021-09-15,SNV/indel/MNV,chr17-36065010-T-G,NULL,NULL,NM_000458.4,c.1253A>C,p.(Asn418Thr)
19,1,varsome,2021-09-15,SNV/indel/MNV,chr17-36065027-TG-T,NULL,NULL,NM_000458.4,c.1235del,p.(Pro412GlnfsTer5)
20,1,varsome,2021-09-15,SNV/indel/MNV,chr17-36065050-CTG-C,NULL,NULL,NM_000458.4,c.1211_1212del,p.(Ser404CysfsTer22)
21,1,varsome,2021-09-15,SNV/indel/MNV,chr17-36069807-ACCGCCCCCATTTTATAGATGAGGAAGAGATCATAAGTAGTCGAGTAACCTGCTCAGGCTACACAGCTATTAAGAGCTGGAGCTGGGATTTGAACCTGGGCAATTGTAACTTCAAAGTTGGTGTTTCTCCCTCCCTAAGCATCGCCCCACCCCATCTACCATTTGTGCTGTGATCTTCGCTGTCATGGTGTCCCATGTCTTTCACTGTTCCAGTTCAAGAAGCTTCTCCCCATCGCCTCCTATCCACTACATCCTGACTTGCTAATGACTCTTCTTGTCAGTACCAAGGGGATGGTAAGGAGGAAGAGGGGGCTTGTGTCAAAGTGAGGTGCTCTCTAAGTTAAAAAATTGGCTTTGGAGGCCTTGGGGGGAGGGATGAATGAACATTTTATCAACACAAATGTCATTGGCAAGCCCCAAAACAAACAGTGTCCCACCGGGCTTGCTCCTTTATGAGGCATTCAATCAATAAAAAGAGAGCAGAACTCTGTCAGATTTATTGGCTGGGTTCAAACCGAACACCTCTTCTACCCGCCAAAGGCTGGGTCACCAGCACTACCTCTCCTTTCCGACTCTGGACAGCCCTCATTTTCCCCTATGGGGCTACAATGGTTCATTGTTTGAGGCAGGCCTTGTGAGAAGTTGTGTTTGTTTTGCCTCTTATCTTATCAGCTCCAGAGCGACAATGGCCCAGGTGTACTCACCATTTTACCATCAGGTGAGAGGAGATTGTGGCCTGGGTCCAGGCTGGCTGGGGAGACTTGCTGTAAAACCGACTGGCTGGTCACCATGGCGCTGTTGCCATGGTGACTGATTGTTGAGGAGGAAGTGATCTCATTGTTTCCCTGCTGGCTGTAGCGCACTCCTGCAAAACAACACAAACCCAGTAGGGAACATTAGTGCCACCAGGGTCCTGGAACAATGACTCGGCACCTCTTGTTTTCAAGGGTGGGTAATAAGAAAATAAAGTTGCTTTCTCCTCCCCTGTCCACCCACAAGAAATATCGGCTGCTTTTCTCCAGGGTAAATATGGCATGTTCTCTATTTAATTCTAGAATGTAAGCGCCACGAGGGCAGGAAATTTTTATCTCGTTTGTTTTGTTCACTGATGTATCCCCAGTGCCTTGGCACTGAATAGCCACTCGGTAAACTTCTGATG-CCTCCTTTTAACTTCATGATTTCTGTCCTTCCCAAAAAATGTAGTGCCTTAAACC,NULL,NULL,NM_000458.4,c.1046-294_1206+704delinsGGTTTAAGGCACTACATTTTTTGGGAAGGACAGAAATCATGAAGTTAAAAGGAGG,p.(Gly349_Met402del)
22,1,varsome,2021-09-15,SNV/indel/MNV,chr17-36070510-C-G,NULL,NULL,NM_000458.4,c.1206+1G>C,NULL
23,1,varsome,2021-09-15,SNV/indel/MNV,chr17-36070510-C-T,NULL,NULL,NM_000458.4,c.1206+1G>A,NULL
24,1,varsome,2021-09-15,SNV/indel/MNV,chr17-36070520-AT-A,NULL,NULL,NM_000458.4,c.1196del,p.(Asp399ValfsTer4)
25,1,varsome,2021-09-15,SNV/indel/MNV,chr17-36070568-T-GGCCA,NULL,NULL,NM_000458.4,c.1149delAinsTGGCC,p.(Gln383HisfsTer18)
26,1,varsome,2021-09-15,SNV/indel/MNV,chr17-36070569-TGCTGTAAAACCGACTGGCTGGTCACCATG-T,NULL,NULL,NM_000458.4,c.1119_1147del,p.(Met374SerfsTer16)
27,1,varsome,2021-09-15,SNV/indel/MNV,chr17-36070569-TGCTGTAAAACCGACTGGCTGGTCACCATGG-T,NULL,NULL,NM_000458.4,c.1118_1147del,p.(Ala373_Gln383delinsGlu)
28,1,varsome,2021-09-15,SNV/indel/MNV,chr17-36070573-G-A,NULL,NULL,NM_000458.4,c.1144C>T,p.(Gln382Ter)
29,1,varsome,2021-09-15,SNV/indel/MNV,chr17-36070581-G-T,NULL,NULL,NM_000458.4,c.1136C>A,p.(Ser379Ter)
30,1,varsome,2021-09-15,SNV/indel/MNV,chr17-36070600-CGCTGTTGCCATGGT-C,NULL,NULL,NM_000458.4,c.1103_1116del,p.(His368ArgfsTer27)
31,1,varsome,2021-09-15,SNV/indel/MNV,chr17-36070609-C-T,NULL,NULL,NM_000458.4,c.1108G>A,p.(Gly370Ser)
32,1,varsome,2021-09-15,SNV/indel/MNV,chr17-36070618-T-C,NULL,NULL,NM_000458.4,c.1099A>G,p.(Ser367Gly)
33,1,varsome,2021-09-15,SNV/indel/MNV,chr17-36070657-GGCTGTAGC-G,NULL,NULL,NM_000458.4,c.1052_1059del,p.(Arg351ProfsTer6)
34,1,varsome,2021-09-15,SNV/indel/MNV,chr17-36070661-G-GT,NULL,NULL,NM_000458.4,c.1055dup,p.(Tyr352Ter)
35,1,varsome,2021-09-15,SNV/indel/MNV,chr17-36070673-T-C,NULL,NULL,NM_000458.4,c.1046-2A>G,NULL
36,1,varsome,2021-09-15,SNV/indel/MNV,chr17-36091574-A-G,NULL,NULL,NM_000458.4,c.1045+12T>C,NULL
37,1,varsome,2021-09-15,SNV/indel/MNV,chr17-36091584-ACCTGACAGCTTGTTTGGAGGAGAGGAGCTGGGCTGGTGGTGGGGGGAGCCGTGGGAGAGCAGAGGGTTCAGGCTGTGAGTCTGGTTGGAGCTATAGGCGTCCATGGCCAGCTTTTGCCGGAATGCCTCCTCCTTCCTGCGGTTTGCAAACCAGTTGTAGACACGGACCTCAGTGACCAAGTTGGAGCCCAGGCCGTGGGCTTTGGAGGGGGACACCCCTCGCTGCAAACATTCTGC-A,NULL,NULL,NM_000458.4,c.811_1045+1del,NULL
38,1,varsome,2021-09-15,SNV/indel/MNV,chr17-36091603-G-A,NULL,NULL,NM_000458.4,c.1028C>T,p.(Pro343Leu)
39,1,varsome,2021-09-15,SNV/indel/MNV,chr17-36091607-A-G,NULL,NULL,NM_000458.4,c.1024T>C,p.(Ser342Pro)
40,1,varsome,2021-09-15,SNV/indel/MNV,chr17-36091621-T-TG,NULL,NULL,NM_000458.4,c.1009dup,p.(His337ProfsTer23)
41,1,varsome,2021-09-15,SNV/indel/MNV,chr17-36091624-T-C,NULL,NULL,NM_000458.4,c.1007A>G,p.(His336Arg)
42,1,varsome,2021-09-15,SNV/indel/MNV,chr17-36091624-T-TG,NULL,NULL,NM_000458.4,c.1006dup,p.(His336ProfsTer24)
43,1,varsome,2021-09-15,SNV/indel/MNV,chr17-36091625-G-C,NULL,NULL,NM_000458.4,c.1006C>G,p.(His336Asp)
44,1,varsome,2021-09-15,SNV/indel/MNV,chr17-36091644-CAGAGG-C,NULL,NULL,NM_000458.4,c.982_986del,p.(Pro328AlafsTer30)
45,1,varsome,2021-09-15,SNV/indel/MNV,chr17-36091647-AG-A,NULL,NULL,NM_000458.4,c.983del,p.(Pro328LeufsTer48)
46,1,varsome,2021-09-15,SNV/indel/MNV,chr17-36091657-CTG-C,NULL,NULL,NM_000458.4,c.972_973del,p.(His324GlnfsTer35)
47,1,varsome,2021-09-15,SNV/indel/MNV,chr17-36091681-GC-G,NULL,NULL,NM_000458.4,c.949del,p.(Ala317ProfsTer10)
48,1,varsome,2021-09-15,SNV/indel/MNV,chr17-36091691-C-T,NULL,NULL,NM_000458.4,c.940G>A,p.(Ala314Thr)
49,1,varsome,2021-09-15,SNV/indel/MNV,chr17-36091700-G-A,NULL,NULL,NM_000458.4,c.931C>T,p.(Gln311Ter)
50,1,varsome,2021-09-15,SNV/indel/MNV,chr17-36091718-T-A,NULL,NULL,NM_000458.4,c.913A>T,p.(Lys305Ter)
51,1,varsome,2021-09-15,SNV/indel/MNV,chr17-36091723-C-T,NULL,NULL,NM_000458.4,c.908G>A,p.(Arg303His)
52,1,varsome,2021-09-15,SNV/indel/MNV,chr17-36091725-GT-G,NULL,NULL,NM_000458.4,c.905del,p.(Asn302ThrfsTer25)
53,1,varsome,2021-09-15,SNV/indel/MNV,chr17-36091735-CAG-C,NULL,NULL,NM_000458.4,c.894_895del,p.(Asn298LysfsTer21)
54,1,varsome,2021-09-15,SNV/indel/MNV,chr17-36091736-A-C,NULL,NULL,NM_000458.4,c.895T>G,p.(Trp299Gly)
55,1,varsome,2021-09-15,SNV/indel/MNV,chr17-36091738-T-TTG,NULL,NULL,NM_000458.4,c.891_892dup,p.(Asn298ThrfsTer30)
56,1,varsome,2021-09-15,SNV/indel/MNV,chr17-36091747-C-G,NULL,NULL,NM_000458.4,c.884G>C,p.(Arg295Pro)
57,1,varsome,2021-09-15,SNV/indel/MNV,chr17-36091747-C-T,NULL,NULL,NM_000458.4,c.884G>A,p.(Arg295His)
58,1,varsome,2021-09-15,SNV/indel/MNV,chr17-36091748-G-A,NULL,NULL,NM_000458.4,c.883C>T,p.(Arg295Cys)
59,1,varsome,2021-09-15,SNV/indel/MNV,chr17-36091766-T-G,NULL,NULL,NM_000458.4,c.865A>C,p.(Asn289His)
60,1,varsome,2021-09-15,SNV/indel/MNV,chr17-36091774-A-C,NULL,NULL,NM_000458.4,c.857T>G,p.(Leu286Arg)
61,1,varsome,2021-09-15,SNV/indel/MNV,chr17-36091777-C-T,NULL,NULL,NM_000458.4,c.854G>A,p.(Gly285Asp)
62,1,varsome,2021-09-15,SNV/indel/MNV,chr17-36091780-TG-T,NULL,NULL,NM_000458.4,c.850del,p.(His284ThrfsTer43)
63,1,varsome,2021-09-15,SNV/indel/MNV,chr17-36091790-A-AG,NULL,NULL,NM_000458.4,c.840dup,p.(Ser281LeufsTer13)
64,1,varsome,2021-09-15,SNV/indel/MNV,chr17-36091790-AG-A,NULL,NULL,NM_000458.4,c.840del,p.(Ser281ProfsTer46)
65,1,varsome,2021-09-15,SNV/indel/MNV,chr17-36091804-C-T,NULL,NULL,NM_000458.4,c.827G>A,p.(Arg276Gln)
66,1,varsome,2021-09-15,SNV/indel/MNV,chr17-36091805-G-A,NULL,NULL,NM_000458.4,c.826C>T,p.(Arg276Ter)
67,1,varsome,2021-09-15,SNV/indel/MNV,chr17-36091805-G-C,NULL,NULL,NM_000458.4,c.826C>G,p.(Arg276Gly)
68,1,varsome,2021-09-15,SNV/indel/MNV,chr17-36091808-G-A,NULL,NULL,NM_000458.4,c.823C>T,p.(Gln275Ter)
69,1,varsome,2021-09-15,SNV/indel/MNV,chr17-36091813-C-G,NULL,NULL,NM_000458.4,c.818G>C,p.(Cys273Ser)
70,1,varsome,2021-09-15,SNV/indel/MNV,chr17-36091813-C-T,NULL,NULL,NM_000458.4,c.818G>A,p.(Cys273Tyr)
71,1,varsome,2021-09-15,SNV/indel/MNV,chr17-36091825-G-C,NULL,NULL,NM_000458.4,c.810-4C>G,NULL
72,1,varsome,2021-09-15,SNV/indel/MNV,chr17-36093549-C-T,NULL,NULL,NM_000458.4,c.809+1G>A,NULL
73,1,varsome,2021-09-15,SNV/indel/MNV,chr17-36093568-A-G,NULL,NULL,NM_000458.4,c.791T>C,p.(Leu264Ser)
74,1,varsome,2021-09-15,SNV/indel/MNV,chr17-36093571-G-GCC,NULL,NULL,NM_000458.4,c.786_787dup,p.(Ala263GlyfsTer3)
75,1,varsome,2021-09-15,SNV/indel/MNV,chr17-36093578-T-C,NULL,NULL,NM_000458.4,c.781A>G,p.(Arg261Gly)
76,1,varsome,2021-09-15,SNV/indel/MNV,chr17-36093579-C-G,NULL,NULL,NM_000458.4,c.780G>C,p.(Glu260Asp)
77,1,varsome,2021-09-15,SNV/indel/MNV,chr17-36093593-G-A,NULL,NULL,NM_000458.4,c.766C>T,p.(Pro256Ser)
78,1,varsome,2021-09-15,SNV/indel/MNV,chr17-36093601-T-G,NULL,NULL,NM_000458.4,c.758A>C,p.(Gln253Pro)
79,1,varsome,2021-09-15,SNV/indel/MNV,chr17-36093608-C-T,NULL,NULL,NM_000458.4,c.751G>A,p.(Asp251Asn)
80,1,varsome,2021-09-15,SNV/indel/MNV,chr17-36093617-G-A,NULL,NULL,NM_000458.4,c.742C>T,p.(Gln248Ter)
81,1,varsome,2021-09-15,SNV/indel/MNV,chr17-36093631-TG-T,NULL,NULL,NM_000458.4,c.727del,p.(Gln243SerfsTer22)
82,1,varsome,2021-09-15,SNV/indel/MNV,chr17-36093638-C-T,NULL,NULL,NM_000458.4,c.721G>A,p.(Ala241Thr)
83,1,varsome,2021-09-15,SNV/indel/MNV,chr17-36093641-G-GC,NULL,NULL,NM_000458.4,c.717dup,p.(Pro240AlafsTer54)
84,1,varsome,2021-09-15,SNV/indel/MNV,chr17-36093641-GC-G,NULL,NULL,NM_000458.4,c.717del,p.(Ala241ArgfsTer24)
85,1,varsome,2021-09-15,SNV/indel/MNV,chr17-36093641-GCCC-G,NULL,NULL,NM_000458.4,c.715_717del,p.(Gly239del)
86,1,varsome,2021-09-15,SNV/indel/MNV,chr17-36093643-C-T,NULL,NULL,NM_000458.4,c.716G>A,p.(Gly239Glu)
87,1,varsome,2021-09-15,SNV/indel/MNV,chr17-36093644-C-G,NULL,NULL,NM_000458.4,c.715G>C,p.(Gly239Arg)
88,1,varsome,2021-09-15,SNV/indel/MNV,chr17-36093646-C-A,NULL,NULL,NM_000458.4,c.713G>T,p.(Trp238Leu)
89,1,varsome,2021-09-15,SNV/indel/MNV,chr17-36093655-C-T,NULL,NULL,NM_000458.4,c.704G>A,p.(Arg235Gln)
90,1,varsome,2021-09-15,SNV/indel/MNV,chr17-36093656-G-A,NULL,NULL,NM_000458.4,c.703C>T,p.(Arg235Trp)
91,1,varsome,2021-09-15,SNV/indel/MNV,chr17-36093661-C-T,NULL,NULL,NM_000458.4,c.698G>A,p.(Arg233His)
92,1,varsome,2021-09-15,SNV/indel/MNV,chr17-36093665-G-A,NULL,NULL,NM_000458.4,c.694C>T,p.(Arg232Cys)
93,1,varsome,2021-09-15,SNV/indel/MNV,chr17-36093675-G-C,NULL,NULL,NM_000458.4,c.684C>G,p.(Asn228Lys)
94,1,varsome,2021-09-15,SNV/indel/MNV,chr17-36093770-T-G,NULL,NULL,NM_000458.4,c.589A>C,p.(Ser197Arg)
95,1,varsome,2021-09-15,SNV/indel/MNV,chr17-36099424-CACTT-C,NULL,NULL,NM_000458.4,c.544+3_544+6del,NULL
96,1,varsome,2021-09-15,SNV/indel/MNV,chr17-36099428-T-TA,NULL,NULL,NM_000458.4,c.544+2dup,NULL
97,1,varsome,2021-09-15,SNV/indel/MNV,chr17-36099430-C-A,NULL,NULL,NM_000458.4,c.544+1G>T,NULL
98,1,varsome,2021-09-15,SNV/indel/MNV,chr17-36099430-C-G,NULL,NULL,NM_000458.4,c.544+1G>C,NULL
99,1,varsome,2021-09-15,SNV/indel/MNV,chr17-36099430-C-T,NULL,NULL,NM_000458.4,c.544+1G>A,NULL
100,1,varsome,2021-09-15,SNV/indel/MNV,chr17-36099431-G-A,NULL,NULL,NM_000458.4,c.544C>T,p.(Gln182Ter)
101,1,varsome,2021-09-15,SNV/indel/MNV,chr17-36099433-C-T,NULL,NULL,NM_000458.4,c.542G>A,p.(Arg181Gln)
102,1,varsome,2021-09-15,SNV/indel/MNV,chr17-36099434-G-A,NULL,NULL,NM_000458.4,c.541C>T,p.(Arg181Ter)
103,1,varsome,2021-09-15,SNV/indel/MNV,chr17-36099440-TC-T,NULL,NULL,NM_000458.4,c.534del,p.(Ile179SerfsTer15)
104,1,varsome,2021-09-15,SNV/indel/MNV,chr17-36099445-C-T,NULL,NULL,NM_000458.4,c.530G>A,p.(Arg177Gln)
105,1,varsome,2021-09-15,SNV/indel/MNV,chr17-36099446-G-A,NULL,NULL,NM_000458.4,c.529C>T,p.(Arg177Ter)
106,1,varsome,2021-09-15,SNV/indel/MNV,chr17-36099449-G-A,NULL,NULL,NM_000458.4,c.526C>T,p.(Gln176Ter)
107,1,varsome,2021-09-15,SNV/indel/MNV,chr17-36099452-T-A,NULL,NULL,NM_000458.4,c.523A>T,p.(Lys175Ter)
108,1,varsome,2021-09-15,SNV/indel/MNV,chr17-36099458-C-G,NULL,NULL,NM_000458.4,c.517G>C,p.(Val173Leu)
109,1,varsome,2021-09-15,SNV/indel/MNV,chr17-36099458-C-T,NULL,NULL,NM_000458.4,c.517G>A,p.(Val173Ile)
110,1,varsome,2021-09-15,SNV/indel/MNV,chr17-36099462-C-G,NULL,NULL,NM_000458.4,c.513G>C,p.(Trp171Cys)
111,1,varsome,2021-09-15,SNV/indel/MNV,chr17-36099462-C-T,NULL,NULL,NM_000458.4,c.513G>A,p.(Trp171Ter)
112,1,varsome,2021-09-15,SNV/indel/MNV,chr17-36099463-C-T,NULL,NULL,NM_000458.4,c.512G>A,p.(Trp171Ter)
113,1,varsome,2021-09-15,SNV/indel/MNV,chr17-36099467-T-G,NULL,NULL,NM_000458.4,c.508A>C,p.(Thr170Pro)
114,1,varsome,2021-09-15,SNV/indel/MNV,chr17-36099470-A-G,NULL,NULL,NM_000458.4,c.505T>C,p.(Tyr169His)
115,1,varsome,2021-09-15,SNV/indel/MNV,chr17-36099471-CAGAGC-AGGGG,NULL,NULL,NM_000458.4,c.499_504delGCTCTGinsCCCCT,p.(Ala167ProfsTer27)
116,1,varsome,2021-09-15,SNV/indel/MNV,chr17-36099472-A-G,NULL,NULL,NM_000458.4,c.503T>C,p.(Leu168Pro)
117,1,varsome,2021-09-15,SNV/indel/MNV,chr17-36099476-C-T,NULL,NULL,NM_000458.4,c.499G>A,p.(Ala167Thr)
118,1,varsome,2021-09-15,SNV/indel/MNV,chr17-36099481-C-G,NULL,NULL,NM_000458.4,c.494G>C,p.(Arg165Pro)
119,1,varsome,2021-09-15,SNV/indel/MNV,chr17-36099481-C-T,NULL,NULL,NM_000458.4,c.494G>A,p.(Arg165His)
120,1,varsome,2021-09-15,SNV/indel/MNV,chr17-36099482-G-A,NULL,NULL,NM_000458.4,c.493C>T,p.(Arg165Cys)
121,1,varsome,2021-09-15,SNV/indel/MNV,chr17-36099482-G-C,NULL,NULL,NM_000458.4,c.493C>G,p.(Arg165Gly)
122,1,varsome,2021-09-15,SNV/indel/MNV,chr17-36099485-T-G,NULL,NULL,NM_000458.4,c.490A>C,p.(Lys164Gln)
123,1,varsome,2021-09-15,SNV/indel/MNV,chr17-36099487-TG-T,NULL,NULL,NM_000458.4,c.487del,p.(Gln163ArgfsTer31)
124,1,varsome,2021-09-15,SNV/indel/MNV,chr17-36099490-GTCTTCATAGGGGTGCCCTTGTTGAGATGCTGGGAGAGGTGCGACTGGTTCAGGCCGGTGACATCGACCACCTCCC-G,NULL,NULL,NM_000458.4,c.410_484del,p.(Arg137_Lys161del)
125,1,varsome,2021-09-15,SNV/indel/MNV,chr17-36099497-T-C,NULL,NULL,NM_000458.4,c.478A>G,p.(Met160Val)
126,1,varsome,2021-09-15,SNV/indel/MNV,chr17-36099497-TA-T,NULL,NULL,NM_000458.4,c.477del,p.(Met160Ter)
127,1,varsome,2021-09-15,SNV/indel/MNV,chr17-36099499-G-A,NULL,NULL,NM_000458.4,c.476C>T,p.(Pro159Leu)
128,1,varsome,2021-09-15,SNV/indel/MNV,chr17-36099502-G-GGGGCTGC,NULL,NULL,NM_000458.4,c.472_473insGCAGCCC,p.(Thr158SerfsTer66)
129,1,varsome,2021-09-15,SNV/indel/MNV,chr17-36099502-G-T,NULL,NULL,NM_000458.4,c.473C>A,p.(Thr158Asn)
130,1,varsome,2021-09-15,SNV/indel/MNV,chr17-36099509-T-C,NULL,NULL,NM_000458.4,c.466A>G,p.(Lys156Glu)
131,1,varsome,2021-09-15,SNV/indel/MNV,chr17-36099512-T-C,NULL,NULL,NM_000458.4,c.463A>G,p.(Asn155Asp)
132,1,varsome,2021-09-15,SNV/indel/MNV,chr17-36099518-G-T,NULL,NULL,NM_000458.4,c.457C>A,p.(His153Asn)
133,1,varsome,2021-09-15,SNV/indel/MNV,chr17-36099520-T-C,NULL,NULL,NM_000458.4,c.455A>G,p.(Gln152Arg)
134,1,varsome,2021-09-15,SNV/indel/MNV,chr17-36099520-TG-T,NULL,NULL,NM_000458.4,c.454del,p.(Gln152SerfsTer9)
135,1,varsome,2021-09-15,SNV/indel/MNV,chr17-36099523-G-C,NULL,NULL,NM_000458.4,c.452C>G,p.(Ser151Cys)
136,1,varsome,2021-09-15,SNV/indel/MNV,chr17-36099524-A-G,NULL,NULL,NM_000458.4,c.451T>C,p.(Ser151Pro)
137,1,varsome,2021-09-15,SNV/indel/MNV,chr17-36099532-G-A,NULL,NULL,NM_000458.4,c.443C>T,p.(Ser148Leu)
138,1,varsome,2021-09-15,SNV/indel/MNV,chr17-36099532-G-C,NULL,NULL,NM_000458.4,c.443C>G,p.(Ser148Trp)
139,1,varsome,2021-09-15,SNV/indel/MNV,chr17-36099536-G-A,NULL,NULL,NM_000458.4,c.439C>T,p.(Gln147Ter)
140,1,varsome,2021-09-15,SNV/indel/MNV,chr17-36099536-G-C,NULL,NULL,NM_000458.4,c.439C>G,p.(Gln147Glu)
141,1,varsome,2021-09-15,SNV/indel/MNV,chr17-36099540-CA-C,NULL,NULL,NM_000458.4,c.434del,p.(Leu145ArgfsTer16)
142,1,varsome,2021-09-15,SNV/indel/MNV,chr17-36099541-A-T,NULL,NULL,NM_000458.4,c.434T>A,p.(Leu145Gln)
143,1,varsome,2021-09-15,SNV/indel/MNV,chr17-36099563-C-T,NULL,NULL,NM_000458.4,c.412G>A,p.(Glu138Lys)
144,1,varsome,2021-09-15,SNV/indel/MNV,chr17-36099569-G-A,NULL,NULL,NM_000458.4,c.406C>T,p.(Gln136Ter)
145,1,varsome,2021-09-15,SNV/indel/MNV,chr17-36099569-G-C,NULL,NULL,NM_000458.4,c.406C>G,p.(Gln136Glu)
146,1,varsome,2021-09-15,SNV/indel/MNV,chr17-36099577-T-C,NULL,NULL,NM_000458.4,c.398A>G,p.(Asn133Ser)
147,1,varsome,2021-09-15,SNV/indel/MNV,chr17-36099580-T-C,NULL,NULL,NM_000458.4,c.395A>G,p.(His132Arg)
148,1,varsome,2021-09-15,SNV/indel/MNV,chr17-36099580-T-G,NULL,NULL,NM_000458.4,c.395A>C,p.(His132Pro)
149,1,varsome,2021-09-15,SNV/indel/MNV,chr17-36099582-TTGCTGCA-T,NULL,NULL,NM_000458.4,c.386_392del,p.(Met129AsnfsTer15)
150,1,varsome,2021-09-15,SNV/indel/MNV,chr17-36099584-G-A,NULL,NULL,NM_000458.4,c.391C>T,p.(Gln131Ter)
151,1,varsome,2021-09-15,SNV/indel/MNV,chr17-36099598-T-C,NULL,NULL,NM_000458.4,c.377A>G,p.(Lys126Arg)
152,1,varsome,2021-09-15,SNV/indel/MNV,chr17-36099601-A-G,NULL,NULL,NM_000458.4,c.374T>C,p.(Ile125Thr)
153,1,varsome,2021-09-15,SNV/indel/MNV,chr17-36099621-AG-A,NULL,NULL,NM_000458.4,c.353del,p.(Pro118LeufsTer7)
154,1,varsome,2021-09-15,SNV/indel/MNV,chr17-36099631-C-A,NULL,NULL,NM_000458.4,c.345-1G>T,NULL
155,1,varsome,2021-09-15,SNV/indel/MNV,chr17-36099631-C-T,NULL,NULL,NM_000458.4,c.345-1G>A,NULL
156,1,varsome,2021-09-15,SNV/indel/MNV,chr17-36104530-A-G,NULL,NULL,NM_000458.4,c.344+2T>C,NULL
157,1,varsome,2021-09-15,SNV/indel/MNV,chr17-36104533-TGAGCATCC-T,NULL,NULL,NM_000458.4,c.335_342del,p.(Arg112GlnfsTer2)
158,1,varsome,2021-09-15,SNV/indel/MNV,chr17-36104535-AGCATCCGGTCCACCTCC-A,NULL,NULL,NM_000458.4,c.324_340del,p.(Glu109GlnfsTer2)
159,1,varsome,2021-09-15,SNV/indel/MNV,chr17-36104541-C-G,NULL,NULL,NM_000458.4,c.335G>C,p.(Arg112Pro)
160,1,varsome,2021-09-15,SNV/indel/MNV,chr17-36104547-A-C,NULL,NULL,NM_000458.4,c.329T>G,p.(Val110Gly)
161,1,varsome,2021-09-15,SNV/indel/MNV,chr17-36104553-GC-G,NULL,NULL,NM_000458.4,c.322del,p.(Ala108ArgfsTer17)
162,1,varsome,2021-09-15,SNV/indel/MNV,chr17-36104563-C-T,NULL,NULL,NM_000458.4,c.313G>A,p.(Glu105Lys)
163,1,varsome,2021-09-15,SNV/indel/MNV,chr17-36104575-C-A,NULL,NULL,NM_000458.4,c.301G>T,p.(Glu101Ter)
164,1,varsome,2021-09-15,SNV/indel/MNV,chr17-36104591-C-CAGCT,NULL,NULL,NM_000458.4,c.281_284dup,p.(Gln96AlafsTer22)
165,1,varsome,2021-09-15,SNV/indel/MNV,chr17-36104602-G-A,NULL,NULL,NM_000458.4,c.274C>T,p.(Leu92Phe)
166,1,varsome,2021-09-15,SNV/indel/MNV,chr17-36104632-C-T,NULL,NULL,NM_000458.4,c.244G>A,p.(Asp82Asn)
167,1,varsome,2021-09-15,SNV/indel/MNV,chr17-36104642-C-G,NULL,NULL,NM_000458.4,c.234G>C,p.(Glu78Asp)
168,1,varsome,2021-09-15,SNV/indel/MNV,chr17-36104644-C-A,NULL,NULL,NM_000458.4,c.232G>T,p.(Glu78Ter)
169,1,varsome,2021-09-15,SNV/indel/MNV,chr17-36104650-C-A,NULL,NULL,NM_000458.4,c.226G>T,p.(Gly76Cys)
170,1,varsome,2021-09-15,SNV/indel/MNV,chr17-36104658-CGGCCCTT-C,NULL,NULL,NM_000458.4,c.211_217del,p.(Lys71AlafsTer52)
171,1,varsome,2021-09-15,SNV/indel/MNV,chr17-36104664-TTGGCG-T,NULL,NULL,NM_000458.4,c.207_211del,p.(His69GlnfsTer17)
172,1,varsome,2021-09-15,SNV/indel/MNV,chr17-36104674-C-G,NULL,NULL,NM_000458.4,c.202G>C,p.(Gly68Arg)
173,1,varsome,2021-09-15,SNV/indel/MNV,chr17-36104694-A-C,NULL,NULL,NM_000458.4,c.182T>G,p.(Val61Gly)
174,1,varsome,2021-09-15,SNV/indel/MNV,chr17-36104732-CA-C,NULL,NULL,NM_000458.4,c.143del,p.(Leu48ArgfsTer77)
175,1,varsome,2021-09-15,SNV/indel/MNV,chr17-36104746-C-A,NULL,NULL,NM_000458.4,c.130G>T,p.(Glu44Ter)
176,1,varsome,2021-09-15,SNV/indel/MNV,chr17-36104765-C-CG,NULL,NULL,NM_000458.4,c.110dup,p.(Asn38GlufsTer50)
177,1,varsome,2021-09-15,SNV/indel/MNV,chr17-36104769-G-A,NULL,NULL,NM_000458.4,c.107C>T,p.(Ser36Phe)
178,1,varsome,2021-09-15,SNV/indel/MNV,chr17-36104829-AG-A,NULL,NULL,NM_000458.4,c.46del,p.(Leu16CysfsTer2)
179,1,varsome,2021-09-15,SNV/indel/MNV,chr17-36104842-G-A,NULL,NULL,NM_000458.4,c.34C>T,p.(Leu12Phe)
180,1,varsome,2021-09-15,SNV/indel/MNV,chr17-36104857-AC-A,NULL,NULL,NM_000458.4,c.18del,p.(Ser7ArgfsTer7)
181,1,varsome,2021-09-15,SNV/indel/MNV,chr17-36104873-C-T,NULL,NULL,NM_000458.4,c.3G>A,p.(Met1Ile)
182,1,varsome,2021-09-15,SNV/indel/MNV,chr17-36104942-G-A,NULL,NULL,NM_000458.4,c.-67C>T,NULL
183,1,varsome,2021-09-15,Duplication,chr17-36070510-C-<DUP>,NULL,IMPRECISE;SVTYPE=DUP;END=36070671;SVLEN=161,NULL,NULL,NULL
184,1,varsome,2021-09-15,Duplication,chr17-36458166-T-<DUP>,dbVar:nssv1184555,IMPRECISE;SVTYPE=DUP;END=37854616;SVLEN=1396449,NULL,NULL,NULL
185,1,varsome,2021-09-15,Deletion,chr17-34519761-T-<DEL>,NULL,IMPRECISE;SVTYPE=DEL;END=36295000;SVLEN=-1775239,NULL,NULL,NULL
186,1,varsome,2021-09-15,Deletion,chr17-34525913-T-<DEL>,NULL,IMPRECISE;SVTYPE=DEL;END=36295000;SVLEN=-1769087,NULL,NULL,NULL
187,1,varsome,2021-09-15,Deletion,chr17-34814886-T-<DEL>,NULL,IMPRECISE;SVTYPE=DEL;END=36247887;SVLEN=-1433001,NULL,NULL,NULL
188,1,varsome,2021-09-15,Deletion,chr17-34815183-C-<DEL>,NULL,IMPRECISE;SVTYPE=DEL;END=36248859;SVLEN=-1433676,NULL,NULL,NULL
189,1,varsome,2021-09-15,Deletion,chr17-34815550-G-<DEL>,NULL,IMPRECISE;SVTYPE=DEL;END=36223325;SVLEN=-1407775,NULL,NULL,NULL
190,1,varsome,2021-09-15,Deletion,chr17-34815550-T-<DEL>,NULL,IMPRECISE;SVTYPE=DEL;END=36295000;SVLEN=-1479450,NULL,NULL,NULL
191,1,varsome,2021-09-15,Deletion,chr17-34817421-C-<DEL>,NULL,IMPRECISE;SVTYPE=DEL;END=36242969;SVLEN=-1425548,NULL,NULL,NULL
192,1,varsome,2021-09-15,Deletion,chr17-34822459-T-<DEL>,NULL,IMPRECISE;SVTYPE=DEL;END=37854616;SVLEN=-1552733,NULL,NULL,NULL
193,1,varsome,2021-09-15,Deletion,chr17-34822464-A-<DEL>,NULL,IMPRECISE;SVTYPE=DEL;END=36404104;SVLEN=-1581640,NULL,NULL,NULL
194,1,varsome,2021-09-15,Deletion,chr17-34823124-T-<DEL>,NULL,IMPRECISE;SVTYPE=DEL;END=36248859;SVLEN=-1425735,NULL,NULL,NULL
195,1,varsome,2021-09-15,Deletion,chr17-36046433-G-<DEL>,NULL,IMPRECISE;SVTYPE=DEL;END=36070671;SVLEN=-24238,NULL,NULL,NULL
196,1,varsome,2021-09-15,Deletion,chr17-36091585-C-<DEL>,NULL,IMPRECISE;SVTYPE=DEL;END=36105050;SVLEN=-13465,NULL,NULL,NULL
197,1,varsome,2021-09-15,Deletion,chr17-36093549-C-<DEL>,NULL,IMPRECISE;SVTYPE=DEL;END=36093814;SVLEN=-265,NULL,NULL,NULL
198,1,varsome,2021-09-15,Deletion,chr17-36093549-C-<DEL>,NULL,IMPRECISE;SVTYPE=DEL;END=36105050;SVLEN=-11501,NULL,NULL,NULL
199,1,varsome,2021-09-15,Deletion,chr17-36458166-T-<DEL>,dbVar:nssv1184554,IMPRECISE;SVTYPE=DEL;END=37854616;SVLEN=-1396449,NULL,NULL,NULL
